{"blogs": 0.3157894736842105, "news": 0.25, "wikipedia": 0.14545454545454545, "overall": 0.20982142857142858, "no_answer": 0.0, "inconsistent_predictions": 0.7544642857142857}