{"blogs": 0.05263157894736842, "news": 0.02631578947368421, "wikipedia": 0.09090909090909091, "overall": 0.0625, "no_answer": 0.0, "inconsistent_predictions": 0.90625}