{"blogs": 0.21052631578947367, "news": 0.40789473684210525, "wikipedia": 0.045454545454545456, "overall": 0.19642857142857142, "no_answer": 0.0, "inconsistent_predictions": 0.78125}