{"blogs": 0.47368421052631576, "news": 0.3684210526315789, "wikipedia": 0.43636363636363634, "overall": 0.41964285714285715, "no_answer": 0.0, "inconsistent_predictions": 0.5535714285714286}