{"blogs": 0.18421052631578946, "news": 0.2236842105263158, "wikipedia": 0.2545454545454545, "overall": 0.23214285714285715, "no_answer": 0.0, "inconsistent_predictions": 0.7276785714285714}