{"blogs": 0.05263157894736842, "news": 0.013157894736842105, "wikipedia": 0.02727272727272727, "overall": 0.026785714285714284, "no_answer": 0.0, "inconsistent_predictions": 0.96875}