{"blogs": 0.15789473684210525, "news": 0.11842105263157894, "wikipedia": 0.10909090909090909, "overall": 0.12053571428571429, "no_answer": 0.0, "inconsistent_predictions": 0.8214285714285714}