{"blogs": 0.0, "news": 0.0, "wikipedia": 0.00909090909090909, "overall": 0.004464285714285714, "no_answer": 0.0, "inconsistent_predictions": 0.9955357142857143}