{"blogs": 0.13157894736842105, "news": 0.05263157894736842, "wikipedia": 0.05454545454545454, "overall": 0.06696428571428571, "no_answer": 0.0, "inconsistent_predictions": 0.9241071428571429}