{"blogs": 0.18421052631578946, "news": 0.09210526315789473, "wikipedia": 0.06363636363636363, "overall": 0.09375, "no_answer": 0.0, "inconsistent_predictions": 0.8883928571428571}