{"blogs": 0.5789473684210527, "news": 0.631578947368421, "wikipedia": 0.7454545454545455, "overall": 0.6785714285714286, "no_answer": 0.03571428571428571, "inconsistent_predictions": 0.2638888888888889}