{"em": 0.17642642642642642, "f1": 0.41920537344427944}