{"em": 0.16966966966966968, "f1": 0.3279575987572323}