{"em": 0.22297297297297297, "f1": 0.27254544754544774}