{"em": 0.15765765765765766, "f1": 0.46715077939429167}