{"em": 0.1569069069069069, "f1": 0.39200062975386063}