{"em": 0.12237237237237238, "f1": 0.49949377140598367}