{"em": 0.20195195195195195, "f1": 0.3298271424984869}