{"em": 0.1891891891891892, "f1": 0.39360848709516116}