{"em": 0.12687687687687688, "f1": 0.3772292761104073}