{"em": 0.20345345345345345, "f1": 0.29453157088606025}