{"em": 0.1891891891891892, "f1": 0.20179565387898724}