{"pairwise_acc": 0.08899304377332876, "desc_rouge": 0.22418105820464693}