{"pairwise_acc": 0.2399983033593484, "desc_rouge": 0.5373114171744049}