{"pairwise_acc": 0.20966849526825757, "desc_rouge": 0.44217365658387475}