{"pairwise_acc": 0.2678010594578285, "desc_rouge": 0.6283622184937798}