{"pairwise_acc": 0.08154997549296837, "desc_rouge": 0.2932017004687464}