{"pairwise_acc": 0.17457442596991274, "desc_rouge": 0.3099242519128535}