{"pairwise_acc": 0.15674791690231116, "desc_rouge": 0.49927113538829854}