{"pairwise_acc": 0.15540992723296743, "desc_rouge": 0.28481870507131485}