{"pairwise_acc": 0.1386259095879048, "desc_rouge": 0.41016787140832417}