{"pairwise_acc": 0.2710454134147719, "desc_rouge": 0.6924767043067875}