{"pairwise_acc": 0.5346845190966331, "desc_rouge": 0.8559163522526632}