{"pairwise_acc": 0.6051224409003516, "desc_rouge": 0.83477813468073}