{"blogs": 0.21052631578947367, "news": 0.23684210526315788, "wikipedia": 0.15454545454545454, "overall": 0.19196428571428573, "no_answer": 0.0, "inconsistent_predictions": 0.7723214285714286}