{"blogs": 0.18421052631578946, "news": 0.13157894736842105, "wikipedia": 0.1, "overall": 0.125, "no_answer": 0.0, "inconsistent_predictions": 0.8616071428571429}