{"blogs": 0.23684210526315788, "news": 0.3684210526315789, "wikipedia": 0.17272727272727273, "overall": 0.25, "no_answer": 0.0, "inconsistent_predictions": 0.6964285714285714}