{"blogs": 0.21052631578947367, "news": 0.40789473684210525, "wikipedia": 0.32727272727272727, "overall": 0.33482142857142855, "no_answer": 0.0, "inconsistent_predictions": 0.5535714285714286}