{"blogs": 0.47368421052631576, "news": 0.39473684210526316, "wikipedia": 0.4818181818181818, "overall": 0.45089285714285715, "no_answer": 0.0, "inconsistent_predictions": 0.5089285714285714}