{"blogs": 0.42105263157894735, "news": 0.32894736842105265, "wikipedia": 0.34545454545454546, "overall": 0.35267857142857145, "no_answer": 0.0, "inconsistent_predictions": 0.59375}