{"blogs": 0.42105263157894735, "news": 0.27631578947368424, "wikipedia": 0.2818181818181818, "overall": 0.30357142857142855, "no_answer": 0.0, "inconsistent_predictions": 0.65625}