{"blogs": 0.15789473684210525, "news": 0.13157894736842105, "wikipedia": 0.17272727272727273, "overall": 0.15625, "no_answer": 0.0, "inconsistent_predictions": 0.7232142857142857}