{"blogs": 0.18421052631578946, "news": 0.17105263157894737, "wikipedia": 0.17272727272727273, "overall": 0.17410714285714285, "no_answer": 0.0, "inconsistent_predictions": 0.7946428571428571}