{"blogs": 0.05263157894736842, "news": 0.02631578947368421, "wikipedia": 0.03636363636363636, "overall": 0.03571428571428571, "no_answer": 0.0, "inconsistent_predictions": 0.9508928571428571}