{"blogs": 0.7105263157894737, "news": 0.7105263157894737, "wikipedia": 0.6363636363636364, "overall": 0.6741071428571429, "no_answer": 0.0, "inconsistent_predictions": 0.27232142857142855}