{"blogs": 0.07894736842105263, "news": 0.13157894736842105, "wikipedia": 0.15454545454545454, "overall": 0.13392857142857142, "no_answer": 0.0, "inconsistent_predictions": 0.7991071428571429}