{"blogs": 0.23684210526315788, "news": 0.3684210526315789, "wikipedia": 0.4, "overall": 0.36160714285714285, "no_answer": 0.0, "inconsistent_predictions": 0.6071428571428571}