{"blogs": 0.42105263157894735, "news": 0.3815789473684211, "wikipedia": 0.2818181818181818, "overall": 0.3392857142857143, "no_answer": 0.0, "inconsistent_predictions": 0.6205357142857143}