{"blogs": 0.02631578947368421, "news": 0.05263157894736842, "wikipedia": 0.00909090909090909, "overall": 0.026785714285714284, "no_answer": 0.4732142857142857, "inconsistent_predictions": 0.9152542372881356}