{"blogs": 0.13157894736842105, "news": 0.17105263157894737, "wikipedia": 0.10909090909090909, "overall": 0.13392857142857142, "no_answer": 0.0, "inconsistent_predictions": 0.78125}