{"blogs": 0.2631578947368421, "news": 0.2631578947368421, "wikipedia": 0.0, "overall": 0.13392857142857142, "no_answer": 0.6428571428571429, "inconsistent_predictions": 0.5875}