{"blogs": 0.0, "news": 0.21052631578947367, "wikipedia": 0.14545454545454545, "overall": 0.14285714285714285, "no_answer": 0.14732142857142858, "inconsistent_predictions": 0.7801047120418848}