{"blogs": 0.4473684210526316, "news": 0.5263157894736842, "wikipedia": 0.45454545454545453, "overall": 0.47767857142857145, "no_answer": 0.004464285714285714, "inconsistent_predictions": 0.47085201793721976}