{"blogs": 0.3684210526315789, "news": 0.35526315789473684, "wikipedia": 0.12727272727272726, "overall": 0.24553571428571427, "no_answer": 0.05803571428571429, "inconsistent_predictions": 0.6729857819905213}