{"blogs": 0.10526315789473684, "news": 0.2236842105263158, "wikipedia": 0.22727272727272727, "overall": 0.20535714285714285, "no_answer": 0.004464285714285714, "inconsistent_predictions": 0.7802690582959642}