{"blogs": 0.2631578947368421, "news": 0.3026315789473684, "wikipedia": 0.2, "overall": 0.24553571428571427, "no_answer": 0.008928571428571428, "inconsistent_predictions": 0.6801801801801802}