{"blogs": 0.07894736842105263, "news": 0.23684210526315788, "wikipedia": 0.2727272727272727, "overall": 0.22767857142857142, "no_answer": 0.004464285714285714, "inconsistent_predictions": 0.7488789237668162}