{"blogs": 0.07894736842105263, "news": 0.10526315789473684, "wikipedia": 0.10909090909090909, "overall": 0.10267857142857142, "no_answer": 0.049107142857142856, "inconsistent_predictions": 0.8309859154929577}