{"em": 0.2057057057057057, "f1": 0.3210647502314173}