{"em": 0.21546546546546547, "f1": 0.2393286143286144}