{"em": 0.15090090090090091, "f1": 0.44629654606165553}