{"em": 0.13588588588588588, "f1": 0.4838615288993306}