{"em": 0.12162162162162163, "f1": 0.4983567958376694}