{"em": 0.12837837837837837, "f1": 0.4912253151425643}