{"em": 0.1996996996996997, "f1": 0.5340713366331954}