{"em": 0.11861861861861862, "f1": 0.49352968614684994}