{"em": 0.22297297297297297, "f1": 0.4244046424128983}