{"em": 0.3355855855855856, "f1": 0.6503915780167053}