{"em": 0.5015015015015015, "f1": 0.6527721687551401}