{"blogs": 0.0, "news": 0.039473684210526314, "wikipedia": 0.00909090909090909, "overall": 0.017857142857142856, "no_answer": 0.0, "inconsistent_predictions": 0.9642857142857143}