{"blogs": 0.02631578947368421, "news": 0.0, "wikipedia": 0.0, "overall": 0.004464285714285714, "no_answer": 0.0, "inconsistent_predictions": 0.9955357142857143}