{"blogs": 0.07894736842105263, "news": 0.11842105263157894, "wikipedia": 0.045454545454545456, "overall": 0.07589285714285714, "no_answer": 0.0, "inconsistent_predictions": 0.8928571428571429}