{"blogs": 0.0, "news": 0.02631578947368421, "wikipedia": 0.045454545454545456, "overall": 0.03125, "no_answer": 0.0, "inconsistent_predictions": 0.9642857142857143}