{"blogs": 0.07894736842105263, "news": 0.14473684210526316, "wikipedia": 0.045454545454545456, "overall": 0.08482142857142858, "no_answer": 0.0, "inconsistent_predictions": 0.8928571428571429}