{"blogs": 0.0, "news": 0.013157894736842105, "wikipedia": 0.00909090909090909, "overall": 0.008928571428571428, "no_answer": 0.0, "inconsistent_predictions": 0.9910714285714286}