{"blogs": 0.47368421052631576, "news": 0.3815789473684211, "wikipedia": 0.33636363636363636, "overall": 0.375, "no_answer": 0.0, "inconsistent_predictions": 0.5892857142857143}