{"blogs": 0.0, "news": 0.02631578947368421, "wikipedia": 0.1, "overall": 0.05803571428571429, "no_answer": 0.0, "inconsistent_predictions": 0.9107142857142857}