{"blogs": 0.13157894736842105, "news": 0.2236842105263158, "wikipedia": 0.07272727272727272, "overall": 0.13392857142857142, "no_answer": 0.0, "inconsistent_predictions": 0.8214285714285714}