{"blogs": 0.13157894736842105, "news": 0.23684210526315788, "wikipedia": 0.17272727272727273, "overall": 0.1875, "no_answer": 0.0, "inconsistent_predictions": 0.7857142857142857}