{"blogs": 0.0, "news": 0.039473684210526314, "wikipedia": 0.0, "overall": 0.013392857142857142, "no_answer": 0.0, "inconsistent_predictions": 0.9375}