{"pairwise_acc": 0.26928090713720143, "desc_rouge": 0.6097489804662591}