{"pairwise_acc": 0.18390312181879895, "desc_rouge": 0.3294229104918145}