{"pairwise_acc": 0.13564076461938696, "desc_rouge": 0.2687951574232543}