{"pairwise_acc": 0.222830656411416, "desc_rouge": 0.5464301389213183}