{"pairwise_acc": 0.0009897070467141725, "desc_rouge": 0.0022739697620932776}