{"pairwise_acc": 0.1250367605474494, "desc_rouge": 0.26978493978502527}