{"pairwise_acc": 0.3059585077102889, "desc_rouge": 0.6799590374672064}