{"pairwise_acc": 0.07315019040078417, "desc_rouge": 0.17086482585040816}