{"pairwise_acc": 0.10993241714738161, "desc_rouge": 0.3729584554063348}