{"pairwise_acc": 0.05207367190740113, "desc_rouge": 0.16472450366659955}