{"pairwise_acc": 0.13537071598235476, "desc_rouge": 0.2601709859054728}