{"blogs": 0.10526315789473684, "news": 0.13157894736842105, "wikipedia": 0.07272727272727272, "overall": 0.09821428571428571, "no_answer": 0.0625, "inconsistent_predictions": 0.5285714285714286}