{"blogs": 0.15789473684210525, "news": 0.25, "wikipedia": 0.12727272727272726, "overall": 0.17410714285714285, "no_answer": 0.08482142857142858, "inconsistent_predictions": 0.5365853658536586}