{"blogs": 0.3157894736842105, "news": 0.3157894736842105, "wikipedia": 0.2909090909090909, "overall": 0.30357142857142855, "no_answer": 0.0, "inconsistent_predictions": 0.5982142857142857}