{"blogs": 0.3684210526315789, "news": 0.5789473684210527, "wikipedia": 0.37272727272727274, "overall": 0.4419642857142857, "no_answer": 0.022321428571428572, "inconsistent_predictions": 0.410958904109589}