{"blogs": 0.10526315789473684, "news": 0.15789473684210525, "wikipedia": 0.11818181818181818, "overall": 0.12946428571428573, "no_answer": 0.08928571428571429, "inconsistent_predictions": 0.47549019607843135}