{"blogs": 0.13157894736842105, "news": 0.2631578947368421, "wikipedia": 0.19090909090909092, "overall": 0.20535714285714285, "no_answer": 0.07589285714285714, "inconsistent_predictions": 0.5603864734299517}