{"blogs": 0.21052631578947367, "news": 0.27631578947368424, "wikipedia": 0.19090909090909092, "overall": 0.22321428571428573, "no_answer": 0.022321428571428572, "inconsistent_predictions": 0.5296803652968036}