{"blogs": 0.21052631578947367, "news": 0.34210526315789475, "wikipedia": 0.19090909090909092, "overall": 0.24553571428571427, "no_answer": 0.03571428571428571, "inconsistent_predictions": 0.5185185185185185}