{"blogs": 0.15789473684210525, "news": 0.19736842105263158, "wikipedia": 0.11818181818181818, "overall": 0.15178571428571427, "no_answer": 0.08928571428571429, "inconsistent_predictions": 0.5343137254901961}