{"blogs": 0.2894736842105263, "news": 0.3026315789473684, "wikipedia": 0.18181818181818182, "overall": 0.24107142857142858, "no_answer": 0.0, "inconsistent_predictions": 0.6383928571428571}