{"blogs": 0.21052631578947367, "news": 0.3026315789473684, "wikipedia": 0.16363636363636364, "overall": 0.21875, "no_answer": 0.017857142857142856, "inconsistent_predictions": 0.6181818181818182}