{"em": 0.29354354354354356, "f1": 0.4017939520261506}