{"em": 0.31906906906906907, "f1": 0.4890529958975123}