{"em": 0.29354354354354356, "f1": 0.44661279183337993}