{"em": 0.28678678678678676, "f1": 0.3739957199516026}