{"em": 0.2695195195195195, "f1": 0.43045358817417656}