{"em": 0.29504504504504503, "f1": 0.4507088320362313}