{"em": 0.23048048048048048, "f1": 0.29405517885910054}