{"em": 0.20945945945945946, "f1": 0.22181705515038852}