{"em": 0.25075075075075076, "f1": 0.5237807104590985}