{"em": 0.20945945945945946, "f1": 0.25863209478405563}