{"blogs": 0.07894736842105263, "news": 0.0, "wikipedia": 0.0, "overall": 0.013392857142857142, "no_answer": 0.0, "inconsistent_predictions": 0.9866071428571429}