{"blogs": 0.02631578947368421, "news": 0.013157894736842105, "wikipedia": 0.03636363636363636, "overall": 0.026785714285714284, "no_answer": 0.0, "inconsistent_predictions": 0.9642857142857143}