{"blogs": 0.2631578947368421, "news": 0.19736842105263158, "wikipedia": 0.15454545454545454, "overall": 0.1875, "no_answer": 0.0, "inconsistent_predictions": 0.7857142857142857}