{"blogs": 0.42105263157894735, "news": 0.32894736842105265, "wikipedia": 0.17272727272727273, "overall": 0.26785714285714285, "no_answer": 0.0, "inconsistent_predictions": 0.6785714285714286}