{"blogs": 0.15789473684210525, "news": 0.2236842105263158, "wikipedia": 0.14545454545454545, "overall": 0.17410714285714285, "no_answer": 0.0, "inconsistent_predictions": 0.7366071428571429}