{"blogs": 0.02631578947368421, "news": 0.23684210526315788, "wikipedia": 0.06363636363636363, "overall": 0.11607142857142858, "no_answer": 0.0, "inconsistent_predictions": 0.8705357142857143}