{"blogs": 0.21052631578947367, "news": 0.2894736842105263, "wikipedia": 0.35454545454545455, "overall": 0.3080357142857143, "no_answer": 0.0, "inconsistent_predictions": 0.6294642857142857}