{"blogs": 0.23684210526315788, "news": 0.2894736842105263, "wikipedia": 0.14545454545454545, "overall": 0.20982142857142858, "no_answer": 0.0, "inconsistent_predictions": 0.7098214285714286}