{"blogs": 0.34210526315789475, "news": 0.4342105263157895, "wikipedia": 0.23636363636363636, "overall": 0.32142857142857145, "no_answer": 0.0, "inconsistent_predictions": 0.6383928571428571}