{"blogs": 0.5263157894736842, "news": 0.39473684210526316, "wikipedia": 0.509090909090909, "overall": 0.4732142857142857, "no_answer": 0.0, "inconsistent_predictions": 0.46875}