{"blogs": 0.13157894736842105, "news": 0.2894736842105263, "wikipedia": 0.14545454545454545, "overall": 0.19196428571428573, "no_answer": 0.0, "inconsistent_predictions": 0.7857142857142857}