{"blogs": 0.10526315789473684, "news": 0.17105263157894737, "wikipedia": 0.18181818181818182, "overall": 0.16517857142857142, "no_answer": 0.05357142857142857, "inconsistent_predictions": 0.7783018867924528}