{"blogs": 0.5263157894736842, "news": 0.6973684210526315, "wikipedia": 0.6454545454545455, "overall": 0.6428571428571429, "no_answer": 0.0, "inconsistent_predictions": 0.3125}