{"blogs": 0.13157894736842105, "news": 0.32894736842105265, "wikipedia": 0.2909090909090909, "overall": 0.2767857142857143, "no_answer": 0.0, "inconsistent_predictions": 0.6964285714285714}