{"blogs": 0.05263157894736842, "news": 0.17105263157894737, "wikipedia": 0.16363636363636364, "overall": 0.14732142857142858, "no_answer": 0.0, "inconsistent_predictions": 0.7901785714285714}