{"em": 0.28453453453453453, "f1": 0.3587950442117112}