{"em": 0.2605105105105105, "f1": 0.4829694120393288}