{"em": 0.17567567567567569, "f1": 0.18228228228228227}