{"em": 0.3055555555555556, "f1": 0.4031638129677349}