{"em": 0.20045045045045046, "f1": 0.23771383354716685}