{"em": 0.31156156156156156, "f1": 0.4015188679404368}