{"em": 0.27702702702702703, "f1": 0.34740347840838065}