{"em": 0.33708708708708707, "f1": 0.45039151557469426}