{"em": 0.28903903903903905, "f1": 0.38382988248184374}