{"em": 0.4091591591591592, "f1": 0.6258628069548933}