{"em": 0.3430930930930931, "f1": 0.44828480882402466}