{"em": 0.1906906906906907, "f1": 0.19403570236903567}