{"em": 0.22147147147147148, "f1": 0.27560009716872474}