{"pairwise_acc": 0.02297534215586472, "desc_rouge": 0.053527525940642404}