{"pairwise_acc": 0.331170116502658, "desc_rouge": 0.7220585047379154}