{"pairwise_acc": 0.33980743128605373, "desc_rouge": 0.5266556866931627}