{"pairwise_acc": 0.28037929344342655, "desc_rouge": 0.5828630046637922}