{"pairwise_acc": 0.10825792708215512, "desc_rouge": 0.2699156968323775}