{"pairwise_acc": 0.3029554537571163, "desc_rouge": 0.5206203873599068}