{"pairwise_acc": 0.041922576631602766, "desc_rouge": 0.14092175631253648}