{"pairwise_acc": 0.3624538136711534, "desc_rouge": 0.5578818830819021}