{"pairwise_acc": 0.048169041963578775, "desc_rouge": 0.11439700441930546}