{"pairwise_acc": 0.09048750141386723, "desc_rouge": 0.18836680905694086}