{"pairwise_acc": 0.04749179957018437, "desc_rouge": 0.09953369674561434}