{"blogs": 0.23684210526315788, "news": 0.2894736842105263, "wikipedia": 0.21818181818181817, "overall": 0.24553571428571427, "no_answer": 0.0, "inconsistent_predictions": 0.6964285714285714}