{"blogs": 0.05263157894736842, "news": 0.13157894736842105, "wikipedia": 0.01818181818181818, "overall": 0.0625, "no_answer": 0.0, "inconsistent_predictions": 0.8571428571428571}