{"blogs": 0.05263157894736842, "news": 0.13157894736842105, "wikipedia": 0.12727272727272726, "overall": 0.11607142857142858, "no_answer": 0.0, "inconsistent_predictions": 0.8214285714285714}