{"blogs": 0.13157894736842105, "news": 0.39473684210526316, "wikipedia": 0.3, "overall": 0.30357142857142855, "no_answer": 0.0, "inconsistent_predictions": 0.6205357142857143}