{"blogs": 0.3684210526315789, "news": 0.40789473684210525, "wikipedia": 0.24545454545454545, "overall": 0.32142857142857145, "no_answer": 0.0, "inconsistent_predictions": 0.6383928571428571}