{"blogs": 0.15789473684210525, "news": 0.39473684210526316, "wikipedia": 0.2636363636363636, "overall": 0.29017857142857145, "no_answer": 0.0, "inconsistent_predictions": 0.6651785714285714}