{"blogs": 0.05263157894736842, "news": 0.07894736842105263, "wikipedia": 0.0, "overall": 0.03571428571428571, "no_answer": 0.0, "inconsistent_predictions": 0.9330357142857143}