{"blogs": 0.02631578947368421, "news": 0.10526315789473684, "wikipedia": 0.03636363636363636, "overall": 0.05803571428571429, "no_answer": 0.0, "inconsistent_predictions": 0.9419642857142857}