{"blogs": 0.07894736842105263, "news": 0.039473684210526314, "wikipedia": 0.045454545454545456, "overall": 0.049107142857142856, "no_answer": 0.0, "inconsistent_predictions": 0.9285714285714286}