{"blogs": 0.4473684210526316, "news": 0.4342105263157895, "wikipedia": 0.5, "overall": 0.46875, "no_answer": 0.0, "inconsistent_predictions": 0.49107142857142855}