{"em": 0.17642642642642642, "f1": 0.19061285311285314}