{"em": 0.23048048048048048, "f1": 0.2698789740456407}