{"em": 0.09384384384384384, "f1": 0.2836344162975721}