{"em": 0.21921921921921922, "f1": 0.26452808536141875}