{"em": 0.23723723723723725, "f1": 0.2947045197045199}