{"em": 0.19144144144144143, "f1": 0.21480360230360235}