{"em": 0.1906906906906907, "f1": 0.20771526396526396}