{"em": 0.22072072072072071, "f1": 0.2532960072175759}