{"em": 0.2334834834834835, "f1": 0.5130478168654566}