{"em": 0.27627627627627627, "f1": 0.6118789343875145}