{"em": 0.17942942942942944, "f1": 0.18243243243243243}