{"em": 0.21696696696696696, "f1": 0.2556443931443931}