{"em": 0.31006006006006004, "f1": 0.5616263369810831}