{"em": 0.2575075075075075, "f1": 0.32654026612359977}