{"em": 0.21996996996996998, "f1": 0.2768535810202478}