{"em": 0.12162162162162163, "f1": 0.49797455590883294}