{"em": 0.24924924924924924, "f1": 0.32756514839848205}