{"em": 0.243993993993994, "f1": 0.4078047876433712}