{"em": 0.25075075075075076, "f1": 0.33047107448552243}