{"em": 0.17417417417417416, "f1": 0.17417417417417416}