{"em": 0.22597597597597596, "f1": 0.2823420094253429}