{"em": 0.2822822822822823, "f1": 0.4384395811962891}