{"blogs": 0.0, "news": 0.15789473684210525, "wikipedia": 0.08181818181818182, "overall": 0.09375, "no_answer": 0.0, "inconsistent_predictions": 0.9017857142857143}