{"blogs": 0.13157894736842105, "news": 0.13157894736842105, "wikipedia": 0.08181818181818182, "overall": 0.10714285714285714, "no_answer": 0.0, "inconsistent_predictions": 0.7946428571428571}