{"blogs": 0.18421052631578946, "news": 0.3026315789473684, "wikipedia": 0.2727272727272727, "overall": 0.26785714285714285, "no_answer": 0.0, "inconsistent_predictions": 0.6741071428571429}