{"blogs": 0.0, "news": 0.05263157894736842, "wikipedia": 0.05454545454545454, "overall": 0.044642857142857144, "no_answer": 0.0, "inconsistent_predictions": 0.9330357142857143}