{"blogs": 0.02631578947368421, "news": 0.07894736842105263, "wikipedia": 0.02727272727272727, "overall": 0.044642857142857144, "no_answer": 0.0, "inconsistent_predictions": 0.9553571428571429}