{"blogs": 0.0, "news": 0.013157894736842105, "wikipedia": 0.0, "overall": 0.004464285714285714, "no_answer": 0.0, "inconsistent_predictions": 0.9866071428571429}