{"blogs": 0.02631578947368421, "news": 0.15789473684210525, "wikipedia": 0.18181818181818182, "overall": 0.14732142857142858, "no_answer": 0.0, "inconsistent_predictions": 0.8348214285714286}