{"blogs": 0.5263157894736842, "news": 0.34210526315789475, "wikipedia": 0.3181818181818182, "overall": 0.36160714285714285, "no_answer": 0.0, "inconsistent_predictions": 0.5982142857142857}