{"blogs": 0.05263157894736842, "news": 0.0, "wikipedia": 0.02727272727272727, "overall": 0.022321428571428572, "no_answer": 0.0, "inconsistent_predictions": 0.9732142857142857}